timestamp,monitor_id,friendly_name,url,type,status,uptime_percentage,response_time_ms,create_datetime,monitor_interval
2025-06-04T12:23:59.061971+00:00,800668854,BSNL Fibre,117.199.72.1,Ping,UP,100.0,144,1749051072,5
2025-06-04T12:23:59.061971+00:00,800668886,Railtail Fibre,136.232.74.101,Ping,UP,100.0,141,1749051282,5
2025-06-04T12:48:19.707920+00:00,800668854,BSNL Fibre,117.199.72.1,Ping,UP,100.0,144,1749051072,5
2025-06-04T12:48:19.707920+00:00,800670173,Marison Enterprise,103.168.75.29,Ping,UP,100.0,149,1749060981,5
2025-06-04T12:48:19.707920+00:00,800668886,Railtail Fibre,136.232.74.101,Ping,UP,100.0,141,1749051282,5
2025-06-04T12:57:17.199667+00:00,800668854,BSNL Fibre,117.199.72.1,Ping,UP,100.0,144,1749051072,5
2025-06-04T12:57:17.199667+00:00,800670173,Marison Enterprise,103.168.75.29,Ping,UP,100.0,149,1749060981,5
2025-06-04T12:57:17.199667+00:00,800668886,Railtail Fibre,136.232.74.101,Ping,UP,100.0,141,1749051282,5
2025-06-04T13:00:02.222997+00:00,800668854,BSNL Fibre,117.199.72.1,Ping,UP,100.0,144,1749051072,5
2025-06-04T13:00:02.222997+00:00,800670173,Marison Enterprise,103.168.75.29,Ping,UP,100.0,149,1749060981,5
2025-06-04T13:00:02.222997+00:00,800668886,Railtail Fibre,136.232.74.101,Ping,UP,100.0,141,1749051282,5
2025-06-04T13:12:39.709508+00:00,800668854,BSNL Fibre,117.199.72.1,Ping,UP,100.0,144,1749051072,5
2025-06-04T13:12:39.709508+00:00,800670173,Marison Enterprise,103.168.75.29,Ping,UP,100.0,149,1749060981,5
2025-06-04T13:12:39.709508+00:00,800668886,Railtel Fibre,136.232.74.101,Ping,UP,100.0,141,1749051282,5
2025-06-04T13:37:54.389864+00:00,800668854,BSNL Fibre,117.199.72.1,Ping,UP,100.0,144,1749051072,5
2025-06-04T13:37:54.389864+00:00,800670173,Marison Enterprise,103.168.75.29,Ping,UP,100.0,149,1749060981,5
2025-06-04T13:37:54.389864+00:00,800668886,Railtel Fibre,136.232.74.101,Ping,UP,100.0,141,1749051282,5
2025-06-04T13:53:35.657592+00:00,800668854,BSNL Fibre,117.199.72.1,Ping,UP,100.0,144,1749051072,5
2025-06-04T13:53:35.657592+00:00,800670173,Marison Enterprise,103.168.75.29,Ping,UP,100.0,149,1749060981,5
2025-06-04T13:53:35.657592+00:00,800668886,Railtel Fibre,136.232.74.101,Ping,UP,100.0,141,1749051282,5
2025-06-04T14:11:11.407658+00:00,800668854,BSNL Fibre,117.199.72.1,Ping,UP,100.0,144,1749051072,5
2025-06-04T14:11:11.407658+00:00,800670173,Marison Enterprise,103.168.75.29,Ping,UP,100.0,149,1749060981,5
2025-06-04T14:11:11.407658+00:00,800668886,Railtel Fibre,136.232.74.101,Ping,UP,100.0,141,1749051282,5
2025-06-04T14:48:51.898473+00:00,800668854,BSNL Fibre,117.199.72.1,Ping,UP,100.0,144,1749051072,5
2025-06-04T14:48:51.898473+00:00,800670173,Marison Enterprise,103.168.75.29,Ping,UP,100.0,149,1749060981,5
2025-06-04T14:48:51.898473+00:00,800668886,Railtel Fibre,136.232.74.101,Ping,UP,100.0,141,1749051282,5
2025-06-04T15:37:30.769837+00:00,800668854,BSNL Fibre,117.199.72.1,Ping,UP,100.0,144,1749051072,5
2025-06-04T15:37:30.769837+00:00,800670173,Marison Enterprise,103.168.75.29,Ping,UP,100.0,149,1749060981,5
2025-06-04T15:37:30.769837+00:00,800668886,Railtel Fibre,136.232.74.101,Ping,UP,100.0,141,1749051282,5
2025-06-04T16:00:26.252929+00:00,800668854,BSNL Fibre,117.199.72.1,Ping,UP,100.0,144,1749051072,5
2025-06-04T16:00:26.252929+00:00,800670173,Marison Enterprise,103.168.75.29,Ping,UP,100.0,149,1749060981,5
2025-06-04T16:00:26.252929+00:00,800668886,Railtel Fibre,136.232.74.101,Ping,UP,100.0,141,1749051282,5
2025-06-04T16:26:39.237799+00:00,800668854,BSNL Fibre,117.199.72.1,Ping,UP,100.0,144,1749051072,5
2025-06-04T16:26:39.237799+00:00,800670173,Marison Enterprise,103.168.75.29,Ping,UP,100.0,149,1749060981,5
2025-06-04T16:26:39.237799+00:00,800668886,Railtel Fibre,136.232.74.101,Ping,UP,100.0,141,1749051282,5
2025-06-04T16:45:28.525131+00:00,800668854,BSNL Fibre,117.199.72.1,Ping,UP,100.0,144,1749051072,5
2025-06-04T16:45:28.525131+00:00,800670173,Marison Enterprise,103.168.75.29,Ping,UP,100.0,149,1749060981,5
2025-06-04T16:45:28.525131+00:00,800668886,Railtel Fibre,136.232.74.101,Ping,UP,100.0,141,1749051282,5
2025-06-04T17:12:22.353127+00:00,800668854,BSNL Fibre,117.199.72.1,Ping,UP,100.0,144,1749051072,5
2025-06-04T17:12:22.353127+00:00,800670173,Marison Enterprise,103.168.75.29,Ping,UP,100.0,149,1749060981,5
2025-06-04T17:12:22.353127+00:00,800668886,Railtel Fibre,136.232.74.101,Ping,UP,100.0,141,1749051282,5
2025-06-04T17:32:46.973066+00:00,800668854,BSNL Fibre,117.199.72.1,Ping,UP,100.0,144,1749051072,5
2025-06-04T17:32:46.973066+00:00,800670173,Marison Enterprise,103.168.75.29,Ping,UP,100.0,149,1749060981,5
2025-06-04T17:32:46.973066+00:00,800668886,Railtel Fibre,136.232.74.101,Ping,UP,100.0,141,1749051282,5
2025-06-04T17:48:42.092614+00:00,800668854,BSNL Fibre,117.199.72.1,Ping,UP,100.0,144,1749051072,5
2025-06-04T17:48:42.092614+00:00,800670173,Marison Enterprise,103.168.75.29,Ping,UP,100.0,149,1749060981,5
2025-06-04T17:48:42.092614+00:00,800668886,Railtel Fibre,136.232.74.101,Ping,UP,100.0,141,1749051282,5
2025-06-04T18:18:16.093007+00:00,800668854,BSNL Fibre,117.199.72.1,Ping,UP,100.0,144,1749051072,5
2025-06-04T18:18:16.093007+00:00,800670173,Marison Enterprise,103.168.75.29,Ping,UP,100.0,149,1749060981,5
2025-06-04T18:18:16.093007+00:00,800668886,Railtel Fibre,136.232.74.101,Ping,UP,100.0,141,1749051282,5
2025-06-04T18:47:57.645974+00:00,800668854,BSNL Fibre,117.199.72.1,Ping,UP,100.0,144,1749051072,5
2025-06-04T18:47:57.645974+00:00,800670173,Marison Enterprise,103.168.75.29,Ping,UP,100.0,149,1749060981,5
2025-06-04T18:47:57.645974+00:00,800668886,Railtel Fibre,136.232.74.101,Ping,UP,100.0,141,1749051282,5
2025-06-04T19:10:48.617611+00:00,800668854,BSNL Fibre,117.199.72.1,Ping,UP,100.0,144,1749051072,5
2025-06-04T19:10:48.617611+00:00,800670173,Marison Enterprise,103.168.75.29,Ping,UP,100.0,149,1749060981,5
2025-06-04T19:10:48.617611+00:00,800668886,Railtel Fibre,136.232.74.101,Ping,UP,100.0,141,1749051282,5
2025-06-04T19:24:27.098790+00:00,800668854,BSNL Fibre,117.199.72.1,Ping,UP,100.0,144,1749051072,5
2025-06-04T19:24:27.098790+00:00,800670173,Marison Enterprise,103.168.75.29,Ping,UP,100.0,149,1749060981,5
2025-06-04T19:24:27.098790+00:00,800668886,Railtel Fibre,136.232.74.101,Ping,UP,100.0,141,1749051282,5
2025-06-04T19:33:44.254492+00:00,800668854,BSNL Fibre,117.199.72.1,Ping,UP,100.0,144,1749051072,5
2025-06-04T19:33:44.254492+00:00,800670173,Marison Enterprise,103.168.75.29,Ping,UP,100.0,149,1749060981,5
2025-06-04T19:33:44.254492+00:00,800668886,Railtel Fibre,136.232.74.101,Ping,UP,100.0,141,1749051282,5
2025-06-04T19:47:34.209795+00:00,800668854,BSNL Fibre,117.199.72.1,Ping,UP,100.0,144,1749051072,5
2025-06-04T19:47:34.209795+00:00,800670173,Marison Enterprise,103.168.75.29,Ping,UP,100.0,149,1749060981,5
2025-06-04T19:47:34.209795+00:00,800668886,Railtel Fibre,136.232.74.101,Ping,UP,100.0,141,1749051282,5
2025-06-04T20:11:40.415526+00:00,800668854,BSNL Fibre,117.199.72.1,Ping,UP,100.0,144,1749051072,5
2025-06-04T20:11:40.415526+00:00,800670173,Marison Enterprise,103.168.75.29,Ping,UP,100.0,149,1749060981,5
2025-06-04T20:11:40.415526+00:00,800668886,Railtel Fibre,136.232.74.101,Ping,UP,100.0,141,1749051282,5
2025-06-04T20:27:22.345191+00:00,800668854,BSNL Fibre,117.199.72.1,Ping,UP,100.0,144,1749051072,5
2025-06-04T20:27:22.345191+00:00,800670173,Marison Enterprise,103.168.75.29,Ping,UP,100.0,149,1749060981,5
2025-06-04T20:27:22.345191+00:00,800668886,Railtel Fibre,136.232.74.101,Ping,UP,100.0,141,1749051282,5
2025-06-04T20:36:20.933715+00:00,800668854,BSNL Fibre,117.199.72.1,Ping,UP,100.0,144,1749051072,5
2025-06-04T20:36:20.933715+00:00,800670173,Marison Enterprise,103.168.75.29,Ping,UP,100.0,149,1749060981,5
2025-06-04T20:36:20.933715+00:00,800668886,Railtel Fibre,136.232.74.101,Ping,UP,100.0,141,1749051282,5
2025-06-04T20:47:50.089886+00:00,800668854,BSNL Fibre,117.199.72.1,Ping,UP,100.0,144,1749051072,5
2025-06-04T20:47:50.089886+00:00,800670173,Marison Enterprise,103.168.75.29,Ping,UP,100.0,149,1749060981,5
2025-06-04T20:47:50.089886+00:00,800668886,Railtel Fibre,136.232.74.101,Ping,UP,100.0,141,1749051282,5
2025-06-04T21:10:22.060845+00:00,800668854,BSNL Fibre,117.199.72.1,Ping,UP,100.0,144,1749051072,5
2025-06-04T21:10:22.060845+00:00,800670173,Marison Enterprise,103.168.75.29,Ping,UP,100.0,149,1749060981,5
2025-06-04T21:10:22.060845+00:00,800668886,Railtel Fibre,136.232.74.101,Ping,UP,100.0,141,1749051282,5
2025-06-04T21:24:12.575499+00:00,800668854,BSNL Fibre,117.199.72.1,Ping,UP,100.0,144,1749051072,5
2025-06-04T21:24:12.575499+00:00,800670173,Marison Enterprise,103.168.75.29,Ping,UP,100.0,149,1749060981,5
2025-06-04T21:24:12.575499+00:00,800668886,Railtel Fibre,136.232.74.101,Ping,UP,100.0,141,1749051282,5
2025-06-04T21:33:43.837537+00:00,800668854,BSNL Fibre,117.199.72.1,Ping,UP,100.0,144,1749051072,5
2025-06-04T21:33:43.837537+00:00,800670173,Marison Enterprise,103.168.75.29,Ping,UP,100.0,149,1749060981,5
2025-06-04T21:33:43.837537+00:00,800668886,Railtel Fibre,136.232.74.101,Ping,UP,100.0,141,1749051282,5
2025-06-04T21:47:52.545401+00:00,800668854,BSNL Fibre,117.199.72.1,Ping,UP,100.0,144,1749051072,5
2025-06-04T21:47:52.545401+00:00,800670173,Marison Enterprise,103.168.75.29,Ping,UP,100.0,149,1749060981,5
2025-06-04T21:47:52.545401+00:00,800668886,Railtel Fibre,136.232.74.101,Ping,UP,100.0,141,1749051282,5
2025-06-04T22:11:40.416861+00:00,800668854,BSNL Fibre,117.199.72.1,Ping,UP,100.0,144,1749051072,5
2025-06-04T22:11:40.416861+00:00,800670173,Marison Enterprise,103.168.75.29,Ping,UP,100.0,149,1749060981,5
2025-06-04T22:11:40.416861+00:00,800668886,Railtel Fibre,136.232.74.101,Ping,UP,100.0,141,1749051282,5
2025-06-04T22:30:08.954051+00:00,800668854,BSNL Fibre,117.199.72.1,Ping,UP,100.0,144,1749051072,5
2025-06-04T22:30:08.954051+00:00,800670173,Marison Enterprise,103.168.75.29,Ping,UP,100.0,149,1749060981,5
2025-06-04T22:30:08.954051+00:00,800668886,Railtel Fibre,136.232.74.101,Ping,UP,100.0,141,1749051282,5
2025-06-04T22:40:43.136789+00:00,800668854,BSNL Fibre,117.199.72.1,Ping,UP,100.0,144,1749051072,5
2025-06-04T22:40:43.136789+00:00,800670173,Marison Enterprise,103.168.75.29,Ping,UP,100.0,149,1749060981,5
2025-06-04T22:40:43.136789+00:00,800668886,Railtel Fibre,136.232.74.101,Ping,UP,100.0,141,1749051282,5
2025-06-04T22:48:11.737400+00:00,800668854,BSNL Fibre,117.199.72.1,Ping,UP,100.0,144,1749051072,5
2025-06-04T22:48:11.737400+00:00,800670173,Marison Enterprise,103.168.75.29,Ping,UP,100.0,149,1749060981,5
2025-06-04T22:48:11.737400+00:00,800668886,Railtel Fibre,136.232.74.101,Ping,UP,100.0,141,1749051282,5
2025-06-04T23:12:28.855831+00:00,800668854,BSNL Fibre,117.199.72.1,Ping,UP,100.0,144,1749051072,5
2025-06-04T23:12:28.855831+00:00,800670173,Marison Enterprise,103.168.75.29,Ping,UP,100.0,149,1749060981,5
2025-06-04T23:12:28.855831+00:00,800668886,Railtel Fibre,136.232.74.101,Ping,UP,100.0,141,1749051282,5
2025-06-04T23:29:42.443112+00:00,800668854,BSNL Fibre,117.199.72.1,Ping,UP,100.0,144,1749051072,5
2025-06-04T23:29:42.443112+00:00,800670173,Marison Enterprise,103.168.75.29,Ping,UP,100.0,149,1749060981,5
2025-06-04T23:29:42.443112+00:00,800668886,Railtel Fibre,136.232.74.101,Ping,UP,100.0,141,1749051282,5
2025-06-04T23:41:33.926993+00:00,800668854,BSNL Fibre,117.199.72.1,Ping,UP,100.0,144,1749051072,5
2025-06-04T23:41:33.926993+00:00,800670173,Marison Enterprise,103.168.75.29,Ping,UP,100.0,149,1749060981,5
2025-06-04T23:41:33.926993+00:00,800668886,Railtel Fibre,136.232.74.101,Ping,UP,100.0,141,1749051282,5
2025-06-04T23:48:59.092077+00:00,800668854,BSNL Fibre,117.199.72.1,Ping,UP,100.0,144,1749051072,5
2025-06-04T23:48:59.092077+00:00,800670173,Marison Enterprise,103.168.75.29,Ping,UP,100.0,149,1749060981,5
2025-06-04T23:48:59.092077+00:00,800668886,Railtel Fibre,136.232.74.101,Ping,UP,100.0,141,1749051282,5
2025-06-05T01:03:21.479117+00:00,800668854,BSNL Fibre,117.199.72.1,Ping,UP,100.0,144,1749051072,5
2025-06-05T01:03:21.479117+00:00,800670173,Marison Enterprise,103.168.75.29,Ping,UP,100.0,149,1749060981,5
2025-06-05T01:03:21.479117+00:00,800668886,Railtel Fibre,136.232.74.101,Ping,UP,100.0,141,1749051282,5
2025-06-05T02:53:15.672699+00:00,800668854,BSNL Fibre,117.199.72.1,Ping,UP,100.0,144,1749051072,5
2025-06-05T02:53:15.672699+00:00,800670173,Marison Enterprise,103.168.75.29,Ping,UP,100.0,149,1749060981,5
2025-06-05T02:53:15.672699+00:00,800668886,Railtel Fibre,136.232.74.101,Ping,UP,100.0,141,1749051282,5
2025-06-05T03:43:16.651015+00:00,800668854,BSNL Fibre,117.199.72.1,Ping,UP,100.0,144,1749051072,5
2025-06-05T03:43:16.651015+00:00,800670173,Marison Enterprise,103.168.75.29,Ping,UP,100.0,149,1749060981,5
2025-06-05T03:43:16.651015+00:00,800668886,Railtel Fibre,136.232.74.101,Ping,UP,100.0,141,1749051282,5
2025-06-05T04:04:25.590752+00:00,800668854,BSNL Fibre,117.199.72.1,Ping,UP,100.0,144,1749051072,5
2025-06-05T04:04:25.590752+00:00,800670173,Marison Enterprise,103.168.75.29,Ping,UP,100.0,149,1749060981,5
2025-06-05T04:04:25.590752+00:00,800668886,Railtel Fibre,136.232.74.101,Ping,UP,100.0,141,1749051282,5
2025-06-05T04:40:53.664585+00:00,800668854,BSNL Fibre,117.199.72.1,Ping,UP,100.0,144,1749051072,5
2025-06-05T04:40:53.664585+00:00,800670173,Marison Enterprise,103.168.75.29,Ping,UP,100.0,149,1749060981,5
2025-06-05T04:40:53.664585+00:00,800668886,Railtel Fibre,136.232.74.101,Ping,UP,100.0,141,1749051282,5
2025-06-05T04:54:53.050285+00:00,800668854,BSNL Fibre,117.199.72.1,Ping,UP,100.0,144,1749051072,5
2025-06-05T04:54:53.050285+00:00,800670173,Marison Enterprise,103.168.75.29,Ping,UP,100.0,149,1749060981,5
2025-06-05T04:54:53.050285+00:00,800668886,Railtel Fibre,136.232.74.101,Ping,UP,100.0,141,1749051282,5
2025-06-05T05:14:01.078024+00:00,800668854,BSNL Fibre,117.199.72.1,Ping,UP,100.0,144,1749051072,5
2025-06-05T05:14:01.078024+00:00,800670173,Marison Enterprise,103.168.75.29,Ping,UP,100.0,149,1749060981,5
2025-06-05T05:14:01.078024+00:00,800668886,Railtel Fibre,136.232.74.101,Ping,UP,100.0,141,1749051282,5
2025-06-05T05:35:50.266328+00:00,800668854,BSNL Fibre,117.199.72.1,Ping,UP,100.0,144,1749051072,5
2025-06-05T05:35:50.266328+00:00,800670173,Marison Enterprise,103.168.75.29,Ping,UP,100.0,149,1749060981,5
2025-06-05T05:35:50.266328+00:00,800668886,Railtel Fibre,136.232.74.101,Ping,UP,100.0,141,1749051282,5
2025-06-05T05:50:25.201398+00:00,800668854,BSNL Fibre,117.199.72.1,Ping,UP,100.0,144,1749051072,5
2025-06-05T05:50:25.201398+00:00,800670173,Marison Enterprise,103.168.75.29,Ping,UP,100.0,149,1749060981,5
2025-06-05T05:50:25.201398+00:00,800668886,Railtel Fibre,136.232.74.101,Ping,UP,100.0,141,1749051282,5
2025-06-05T06:19:39.170437+00:00,800668854,BSNL Fibre,117.199.72.1,Ping,UP,100.0,144,1749051072,5
2025-06-05T06:19:39.170437+00:00,800670173,Marison Enterprise,103.168.75.29,Ping,UP,100.0,149,1749060981,5
2025-06-05T06:19:39.170437+00:00,800668886,Railtel Fibre,136.232.74.101,Ping,UP,100.0,141,1749051282,5
2025-06-05T06:50:13.091901+00:00,800668854,BSNL Fibre,117.199.72.1,Ping,UP,100.0,144,1749051072,5
2025-06-05T06:50:13.091901+00:00,800670173,Marison Enterprise,103.168.75.29,Ping,UP,100.0,149,1749060981,5
2025-06-05T06:50:13.091901+00:00,800668886,Railtel Fibre,136.232.74.101,Ping,UP,100.0,141,1749051282,5
2025-06-05T07:13:15.617409+00:00,800668854,BSNL Fibre,117.199.72.1,Ping,UP,100.0,144,1749051072,5
2025-06-05T07:13:15.617409+00:00,800670173,Marison Enterprise,103.168.75.29,Ping,UP,100.0,149,1749060981,5
2025-06-05T07:13:15.617409+00:00,800668886,Railtel Fibre,136.232.74.101,Ping,UP,100.0,141,1749051282,5
2025-06-05T07:30:45.921250+00:00,800668854,BSNL Fibre,117.199.72.1,Ping,UP,100.0,144,1749051072,5
2025-06-05T07:30:45.921250+00:00,800670173,Marison Enterprise,103.168.75.29,Ping,UP,100.0,149,1749060981,5
2025-06-05T07:30:45.921250+00:00,800668886,Railtel Fibre,136.232.74.101,Ping,UP,100.0,141,1749051282,5
2025-06-05T07:47:52.061981+00:00,800668854,BSNL Fibre,117.199.72.1,Ping,UP,100.0,144,1749051072,5
2025-06-05T07:47:52.061981+00:00,800670173,Marison Enterprise,103.168.75.29,Ping,UP,100.0,149,1749060981,5
2025-06-05T07:47:52.061981+00:00,800668886,Railtel Fibre,136.232.74.101,Ping,UP,100.0,141,1749051282,5
2025-06-05T08:17:56.439059+00:00,800668854,BSNL Fibre,117.199.72.1,Ping,UP,100.0,144,1749051072,5
2025-06-05T08:17:56.439059+00:00,800670173,Marison Enterprise,103.168.75.29,Ping,UP,100.0,149,1749060981,5
2025-06-05T08:17:56.439059+00:00,800668886,Railtel Fibre,136.232.74.101,Ping,UP,100.0,141,1749051282,5
2025-06-05T08:46:03.923977+00:00,800668854,BSNL Fibre,117.199.72.1,Ping,UP,100.0,144,1749051072,5
2025-06-05T08:46:03.923977+00:00,800670173,Marison Enterprise,103.168.75.29,Ping,UP,100.0,149,1749060981,5
2025-06-05T08:46:03.923977+00:00,800668886,Railtel Fibre,136.232.74.101,Ping,UP,100.0,141,1749051282,5
2025-06-05T09:14:21.483264+00:00,800668854,BSNL Fibre,117.199.72.1,Ping,UP,100.0,144,1749051072,5
2025-06-05T09:14:21.483264+00:00,800670173,Marison Enterprise,103.168.75.29,Ping,UP,100.0,149,1749060981,5
2025-06-05T09:14:21.483264+00:00,800668886,Railtel Fibre,136.232.74.101,Ping,UP,100.0,141,1749051282,5
2025-06-05T09:33:52.959541+00:00,800668854,BSNL Fibre,117.199.72.1,Ping,UP,100.0,144,1749051072,5
2025-06-05T09:33:52.959541+00:00,800670173,Marison Enterprise,103.168.75.29,Ping,UP,100.0,149,1749060981,5
2025-06-05T09:33:52.959541+00:00,800668886,Railtel Fibre,136.232.74.101,Ping,UP,100.0,141,1749051282,5
2025-06-05T09:49:31.426745+00:00,800668854,BSNL Fibre,117.199.72.1,Ping,UP,100.0,144,1749051072,5
2025-06-05T09:49:31.426745+00:00,800670173,Marison Enterprise,103.168.75.29,Ping,UP,100.0,149,1749060981,5
2025-06-05T09:49:31.426745+00:00,800668886,Railtel Fibre,136.232.74.101,Ping,UP,100.0,141,1749051282,5
2025-06-05T10:14:49.018134+00:00,800668854,BSNL Fibre,117.199.72.1,Ping,UP,100.0,146,1749051072,5
2025-06-05T10:14:49.018134+00:00,800670173,Marison Enterprise,103.168.75.29,Ping,UP,100.0,149,1749060981,5
2025-06-05T10:14:49.018134+00:00,800668886,Railtel Fibre,136.232.74.101,Ping,UP,100.0,130,1749051282,5
2025-06-05T10:41:46.055487+00:00,800668854,BSNL Fibre,117.199.72.1,Ping,UP,100.0,144,1749051072,5
2025-06-05T10:41:46.055487+00:00,800670173,Marison Enterprise,103.168.75.29,Ping,UP,100.0,149,1749060981,5
2025-06-05T10:41:46.055487+00:00,800668886,Railtel Fibre,136.232.74.101,Ping,UP,100.0,149,1749051282,5
2025-06-05T10:53:23.648563+00:00,800668854,BSNL Fibre,117.199.72.1,Ping,UP,100.0,144,1749051072,5
2025-06-05T10:53:23.648563+00:00,800670173,Marison Enterprise,103.168.75.29,Ping,UP,100.0,149,1749060981,5
2025-06-05T10:53:23.648563+00:00,800668886,Railtel Fibre,136.232.74.101,Ping,UP,100.0,149,1749051282,5
2025-06-05T11:11:54.838799+00:00,800668854,BSNL Fibre,117.199.72.1,Ping,UP,100.0,148,1749051072,5
2025-06-05T11:11:54.838799+00:00,800670173,Marison Enterprise,103.168.75.29,Ping,UP,100.0,149,1749060981,5
2025-06-05T11:11:54.838799+00:00,800668886,Railtel Fibre,136.232.74.101,Ping,UP,100.0,149,1749051282,5
2025-06-05T11:28:05.659332+00:00,800668854,BSNL Fibre,117.199.72.1,Ping,UP,100.0,148,1749051072,5
2025-06-05T11:28:05.659332+00:00,800670173,Marison Enterprise,103.168.75.29,Ping,UP,100.0,149,1749060981,5
2025-06-05T11:28:05.659332+00:00,800668886,Railtel Fibre,136.232.74.101,Ping,UP,100.0,149,1749051282,5
2025-06-05T11:38:39.443197+00:00,800668854,BSNL Fibre,117.199.72.1,Ping,UP,100.0,156,1749051072,5
2025-06-05T11:38:39.443197+00:00,800670173,Marison Enterprise,103.168.75.29,Ping,UP,100.0,149,1749060981,5
2025-06-05T11:38:39.443197+00:00,800668886,Railtel Fibre,136.232.74.101,Ping,UP,100.0,152,1749051282,5
2025-06-05T11:48:13.181402+00:00,800668854,BSNL Fibre,117.199.72.1,Ping,UP,100.0,143,1749051072,5
2025-06-05T11:48:13.181402+00:00,800670173,Marison Enterprise,103.168.75.29,Ping,UP,100.0,149,1749060981,5
2025-06-05T11:48:13.181402+00:00,800668886,Railtel Fibre,136.232.74.101,Ping,UP,100.0,139,1749051282,5
2025-06-05T12:26:29.595237+00:00,800668854,BSNL Fibre,117.199.72.1,Ping,UP,100.0,150,1749051072,5
2025-06-05T12:26:29.595237+00:00,800670173,Marison Enterprise,103.168.75.29,Ping,UP,100.0,149,1749060981,5
2025-06-05T12:26:29.595237+00:00,800668886,Railtel Fibre,136.232.74.101,Ping,UP,100.0,145,1749051282,5
2025-06-05T13:06:39.498369+00:00,800668854,BSNL Fibre,117.199.72.1,Ping,UP,100.0,145,1749051072,5
2025-06-05T13:06:39.498369+00:00,800670173,Marison Enterprise,103.168.75.29,Ping,UP,100.0,138,1749060981,5
2025-06-05T13:06:39.498369+00:00,800668886,Railtel Fibre,136.232.74.101,Ping,UP,100.0,148,1749051282,5
2025-06-05T13:43:30.087037+00:00,800668854,BSNL Fibre,117.199.72.1,Ping,UP,100.0,146,1749051072,5
2025-06-05T13:43:30.087037+00:00,800670173,Marison Enterprise,103.168.75.29,Ping,UP,100.0,139,1749060981,5
2025-06-05T13:43:30.087037+00:00,800668886,Railtel Fibre,136.232.74.101,Ping,UP,100.0,155,1749051282,5
2025-06-05T13:54:57.058682+00:00,800668854,BSNL Fibre,117.199.72.1,Ping,UP,100.0,146,1749051072,5
2025-06-05T13:54:57.058682+00:00,800670173,Marison Enterprise,103.168.75.29,Ping,UP,100.0,139,1749060981,5
2025-06-05T13:54:57.058682+00:00,800668886,Railtel Fibre,136.232.74.101,Ping,UP,100.0,155,1749051282,5
2025-06-05T14:13:36.690512+00:00,800668854,BSNL Fibre,117.199.72.1,Ping,UP,100.0,155,1749051072,5
2025-06-05T14:13:36.690512+00:00,800670173,Marison Enterprise,103.168.75.29,Ping,UP,100.0,143,1749060981,5
2025-06-05T14:13:36.690512+00:00,800668886,Railtel Fibre,136.232.74.101,Ping,UP,100.0,140,1749051282,5
2025-06-05T14:36:03.360516+00:00,800668854,BSNL Fibre,117.199.72.1,Ping,UP,100.0,159,1749051072,5
2025-06-05T14:36:03.360516+00:00,800670173,Marison Enterprise,103.168.75.29,Ping,UP,100.0,146,1749060981,5
2025-06-05T14:36:03.360516+00:00,800668886,Railtel Fibre,136.232.74.101,Ping,UP,100.0,138,1749051282,5
2025-06-05T14:51:04.670478+00:00,800668854,BSNL Fibre,117.199.72.1,Ping,UP,100.0,150,1749051072,5
2025-06-05T14:51:04.670478+00:00,800670173,Marison Enterprise,103.168.75.29,Ping,UP,100.0,136,1749060981,5
2025-06-05T14:51:04.670478+00:00,800668886,Railtel Fibre,136.232.74.101,Ping,UP,100.0,141,1749051282,5
2025-06-05T15:13:53.502435+00:00,800668854,BSNL Fibre,117.199.72.1,Ping,UP,100.0,157,1749051072,5
2025-06-05T15:13:53.502435+00:00,800670173,Marison Enterprise,103.168.75.29,Ping,UP,100.0,142,1749060981,5
2025-06-05T15:13:53.502435+00:00,800668886,Railtel Fibre,136.232.74.101,Ping,UP,100.0,133,1749051282,5
2025-06-05T15:34:15.502066+00:00,800668854,BSNL Fibre,117.199.72.1,Ping,UP,100.0,142,1749051072,5
2025-06-05T15:34:15.502066+00:00,800670173,Marison Enterprise,103.168.75.29,Ping,UP,100.0,134,1749060981,5
2025-06-05T15:34:15.502066+00:00,800668886,Railtel Fibre,136.232.74.101,Ping,UP,100.0,138,1749051282,5
2025-06-05T15:50:52.898850+00:00,800668854,BSNL Fibre,117.199.72.1,Ping,UP,100.0,147,1749051072,5
2025-06-05T15:50:52.898850+00:00,800670173,Marison Enterprise,103.168.75.29,Ping,UP,100.0,151,1749060981,5
2025-06-05T15:50:52.898850+00:00,800668886,Railtel Fibre,136.232.74.101,Ping,UP,100.0,143,1749051282,5
2025-06-05T16:16:41.685260+00:00,800668854,BSNL Fibre,117.199.72.1,Ping,UP,100.0,157,1749051072,5
2025-06-05T16:16:41.685260+00:00,800670173,Marison Enterprise,103.168.75.29,Ping,UP,100.0,147,1749060981,5
2025-06-05T16:16:41.685260+00:00,800668886,Railtel Fibre,136.232.74.101,Ping,UP,100.0,148,1749051282,5
2025-06-05T16:45:57.430893+00:00,800668854,BSNL Fibre,117.199.72.1,Ping,UP,100.0,150,1749051072,5
2025-06-05T16:45:57.430893+00:00,800670173,Marison Enterprise,103.168.75.29,Ping,UP,100.0,143,1749060981,5
2025-06-05T16:45:57.430893+00:00,800668886,Railtel Fibre,136.232.74.101,Ping,UP,100.0,150,1749051282,5
2025-06-05T17:09:52.487966+00:00,800668854,BSNL Fibre,117.199.72.1,Ping,UP,100.0,158,1749051072,5
2025-06-05T17:09:52.487966+00:00,800670173,Marison Enterprise,103.168.75.29,Ping,UP,100.0,137,1749060981,5
2025-06-05T17:09:52.487966+00:00,800668886,Railtel Fibre,136.232.74.101,Ping,UP,100.0,137,1749051282,5
2025-06-05T17:26:15.360126+00:00,800668854,BSNL Fibre,117.199.72.1,Ping,UP,100.0,152,1749051072,5
2025-06-05T17:26:15.360126+00:00,800670173,Marison Enterprise,103.168.75.29,Ping,UP,100.0,123,1749060981,5
2025-06-05T17:26:15.360126+00:00,800668886,Railtel Fibre,136.232.74.101,Ping,UP,100.0,141,1749051282,5
2025-06-05T17:35:25.337545+00:00,800668854,BSNL Fibre,117.199.72.1,Ping,UP,100.0,152,1749051072,5
2025-06-05T17:35:25.337545+00:00,800670173,Marison Enterprise,103.168.75.29,Ping,UP,100.0,132,1749060981,5
2025-06-05T17:35:25.337545+00:00,800668886,Railtel Fibre,136.232.74.101,Ping,UP,100.0,141,1749051282,5
2025-06-05T18:59:19.115677+00:00,800668854,BSNL Fibre,117.199.72.1,Ping,UP,100.0,154,1749051072,5
2025-06-05T18:59:19.115677+00:00,800670173,Marison Enterprise,103.168.75.29,Ping,UP,100.0,140,1749060981,5
2025-06-05T18:59:19.115677+00:00,800668886,Railtel Fibre,136.232.74.101,Ping,UP,100.0,150,1749051282,5
2025-06-05T19:09:45.470738+00:00,800668854,BSNL Fibre,117.199.72.1,Ping,UP,100.0,159,1749051072,5
2025-06-05T19:09:45.470738+00:00,800670173,Marison Enterprise,103.168.75.29,Ping,UP,100.0,142,1749060981,5
2025-06-05T19:09:45.470738+00:00,800668886,Railtel Fibre,136.232.74.101,Ping,UP,100.0,133,1749051282,5
2025-06-05T19:21:52.280092+00:00,800668854,BSNL Fibre,117.199.72.1,Ping,UP,100.0,152,1749051072,5
2025-06-05T19:21:52.280092+00:00,800670173,Marison Enterprise,103.168.75.29,Ping,UP,100.0,147,1749060981,5
2025-06-05T19:21:52.280092+00:00,800668886,Railtel Fibre,136.232.74.101,Ping,UP,100.0,156,1749051282,5
2025-06-05T19:34:02.484585+00:00,800668854,BSNL Fibre,117.199.72.1,Ping,UP,100.0,142,1749051072,5
2025-06-05T19:34:02.484585+00:00,800670173,Marison Enterprise,103.168.75.29,Ping,UP,100.0,137,1749060981,5
2025-06-05T19:34:02.484585+00:00,800668886,Railtel Fibre,136.232.74.101,Ping,UP,100.0,139,1749051282,5
2025-06-05T19:47:49.294015+00:00,800668854,BSNL Fibre,117.199.72.1,Ping,UP,100.0,152,1749051072,5
2025-06-05T19:47:49.294015+00:00,800670173,Marison Enterprise,103.168.75.29,Ping,UP,100.0,127,1749060981,5
2025-06-05T19:47:49.294015+00:00,800668886,Railtel Fibre,136.232.74.101,Ping,UP,100.0,143,1749051282,5
2025-06-05T20:12:27.329150+00:00,800668854,BSNL Fibre,117.199.72.1,Ping,UP,100.0,150,1749051072,5
2025-06-05T20:12:27.329150+00:00,800670173,Marison Enterprise,103.168.75.29,Ping,UP,100.0,136,1749060981,5
2025-06-05T20:12:27.329150+00:00,800668886,Railtel Fibre,136.232.74.101,Ping,UP,100.0,146,1749051282,5
2025-06-05T20:28:00.631896+00:00,800668854,BSNL Fibre,117.199.72.1,Ping,UP,100.0,150,1749051072,5
2025-06-05T20:28:00.631896+00:00,800670173,Marison Enterprise,103.168.75.29,Ping,UP,100.0,136,1749060981,5
2025-06-05T20:28:00.631896+00:00,800668886,Railtel Fibre,136.232.74.101,Ping,UP,100.0,146,1749051282,5
2025-06-05T20:36:46.646425+00:00,800668854,BSNL Fibre,117.199.72.1,Ping,UP,100.0,156,1749051072,5
2025-06-05T20:36:46.646425+00:00,800670173,Marison Enterprise,103.168.75.29,Ping,UP,100.0,141,1749060981,5
2025-06-05T20:36:46.646425+00:00,800668886,Railtel Fibre,136.232.74.101,Ping,UP,100.0,151,1749051282,5
2025-06-05T20:47:58.128574+00:00,800668854,BSNL Fibre,117.199.72.1,Ping,UP,100.0,150,1749051072,5
2025-06-05T20:47:58.128574+00:00,800670173,Marison Enterprise,103.168.75.29,Ping,UP,100.0,142,1749060981,5
2025-06-05T20:47:58.128574+00:00,800668886,Railtel Fibre,136.232.74.101,Ping,UP,100.0,146,1749051282,5
2025-06-05T21:12:17.138827+00:00,800668854,BSNL Fibre,117.199.72.1,Ping,UP,100.0,144,1749051072,5
2025-06-05T21:12:17.138827+00:00,800670173,Marison Enterprise,103.168.75.29,Ping,UP,100.0,152,1749060981,5
2025-06-05T21:12:17.138827+00:00,800668886,Railtel Fibre,136.232.74.101,Ping,UP,100.0,140,1749051282,5
2025-06-05T21:29:21.602697+00:00,800668854,BSNL Fibre,117.199.72.1,Ping,UP,100.0,148,1749051072,5
2025-06-05T21:29:21.602697+00:00,800670173,Marison Enterprise,103.168.75.29,Ping,UP,100.0,152,1749060981,5
2025-06-05T21:29:21.602697+00:00,800668886,Railtel Fibre,136.232.74.101,Ping,UP,100.0,140,1749051282,5
2025-06-05T21:40:33.292557+00:00,800668854,BSNL Fibre,117.199.72.1,Ping,UP,100.0,162,1749051072,5
2025-06-05T21:40:33.292557+00:00,800670173,Marison Enterprise,103.168.75.29,Ping,UP,100.0,141,1749060981,5
2025-06-05T21:40:33.292557+00:00,800668886,Railtel Fibre,136.232.74.101,Ping,UP,100.0,147,1749051282,5
2025-06-05T21:48:18.250475+00:00,800668854,BSNL Fibre,117.199.72.1,Ping,UP,100.0,162,1749051072,5
2025-06-05T21:48:18.250475+00:00,800670173,Marison Enterprise,103.168.75.29,Ping,UP,100.0,141,1749060981,5
2025-06-05T21:48:18.250475+00:00,800668886,Railtel Fibre,136.232.74.101,Ping,UP,100.0,147,1749051282,5
2025-06-05T22:11:38.745245+00:00,800668854,BSNL Fibre,117.199.72.1,Ping,UP,100.0,162,1749051072,5
2025-06-05T22:11:38.745245+00:00,800670173,Marison Enterprise,103.168.75.29,Ping,UP,100.0,140,1749060981,5
2025-06-05T22:11:38.745245+00:00,800668886,Railtel Fibre,136.232.74.101,Ping,UP,100.0,150,1749051282,5
2025-06-05T22:32:49.475077+00:00,800668854,BSNL Fibre,117.199.72.1,Ping,UP,100.0,152,1749051072,5
2025-06-05T22:32:49.475077+00:00,800670173,Marison Enterprise,103.168.75.29,Ping,UP,100.0,149,1749060981,5
2025-06-05T22:32:49.475077+00:00,800668886,Railtel Fibre,136.232.74.101,Ping,UP,100.0,140,1749051282,5
2025-06-05T22:48:29.537265+00:00,800668854,BSNL Fibre,117.199.72.1,Ping,UP,100.0,152,1749051072,5
2025-06-05T22:48:29.537265+00:00,800670173,Marison Enterprise,103.168.75.29,Ping,UP,100.0,147,1749060981,5
2025-06-05T22:48:29.537265+00:00,800668886,Railtel Fibre,136.232.74.101,Ping,UP,100.0,147,1749051282,5
2025-06-05T23:13:45.730694+00:00,800668854,BSNL Fibre,117.199.72.1,Ping,UP,100.0,151,1749051072,5
2025-06-05T23:13:45.730694+00:00,800670173,Marison Enterprise,103.168.75.29,Ping,UP,100.0,139,1749060981,5
2025-06-05T23:13:45.730694+00:00,800668886,Railtel Fibre,136.232.74.101,Ping,UP,100.0,146,1749051282,5
2025-06-05T23:31:56.821120+00:00,800668854,BSNL Fibre,117.199.72.1,Ping,UP,100.0,160,1749051072,5
2025-06-05T23:31:56.821120+00:00,800670173,Marison Enterprise,103.168.75.29,Ping,UP,100.0,147,1749060981,5
2025-06-05T23:31:56.821120+00:00,800668886,Railtel Fibre,136.232.74.101,Ping,UP,100.0,149,1749051282,5
2025-06-05T23:48:52.651686+00:00,800668854,BSNL Fibre,117.199.72.1,Ping,UP,100.0,160,1749051072,5
2025-06-05T23:48:52.651686+00:00,800670173,Marison Enterprise,103.168.75.29,Ping,UP,100.0,140,1749060981,5
2025-06-05T23:48:52.651686+00:00,800668886,Railtel Fibre,136.232.74.101,Ping,UP,100.0,155,1749051282,5
2025-06-06T01:03:31.308580+00:00,800668854,BSNL Fibre,117.199.72.1,Ping,UP,100.0,153,1749051072,5
2025-06-06T01:03:31.308580+00:00,800670173,Marison Enterprise,103.168.75.29,Ping,UP,100.0,143,1749060981,5
2025-06-06T01:03:31.308580+00:00,800668886,Railtel Fibre,136.232.74.101,Ping,UP,100.0,148,1749051282,5
2025-06-06T02:52:38.607550+00:00,800668854,BSNL Fibre,117.199.72.1,Ping,UP,100.0,160,1749051072,5
2025-06-06T02:52:38.607550+00:00,800670173,Marison Enterprise,103.168.75.29,Ping,UP,100.0,142,1749060981,5
2025-06-06T02:52:38.607550+00:00,800668886,Railtel Fibre,136.232.74.101,Ping,UP,100.0,138,1749051282,5
2025-06-06T03:42:35.488830+00:00,800668854,BSNL Fibre,117.199.72.1,Ping,UP,100.0,150,1749051072,5
2025-06-06T03:42:35.488830+00:00,800670173,Marison Enterprise,103.168.75.29,Ping,UP,100.0,141,1749060981,5
2025-06-06T03:42:35.488830+00:00,800668886,Railtel Fibre,136.232.74.101,Ping,UP,100.0,147,1749051282,5
2025-06-06T04:03:02.317787+00:00,800668854,BSNL Fibre,117.199.72.1,Ping,UP,100.0,165,1749051072,5
2025-06-06T04:03:02.317787+00:00,800670173,Marison Enterprise,103.168.75.29,Ping,UP,100.0,140,1749060981,5
2025-06-06T04:03:02.317787+00:00,800668886,Railtel Fibre,136.232.74.101,Ping,UP,100.0,143,1749051282,5
2025-06-06T04:40:50.599981+00:00,800668854,BSNL Fibre,117.199.72.1,Ping,UP,100.0,156,1749051072,5
2025-06-06T04:40:50.599981+00:00,800670173,Marison Enterprise,103.168.75.29,Ping,UP,100.0,150,1749060981,5
2025-06-06T04:40:50.599981+00:00,800668886,Railtel Fibre,136.232.74.101,Ping,UP,100.0,146,1749051282,5
2025-06-06T04:53:55.247401+00:00,800668854,BSNL Fibre,117.199.72.1,Ping,UP,100.0,145,1749051072,5
2025-06-06T04:53:55.247401+00:00,800670173,Marison Enterprise,103.168.75.29,Ping,UP,100.0,140,1749060981,5
2025-06-06T04:53:55.247401+00:00,800668886,Railtel Fibre,136.232.74.101,Ping,UP,100.0,145,1749051282,5
2025-06-06T05:13:48.699602+00:00,800668854,BSNL Fibre,117.199.72.1,Ping,UP,100.0,153,1749051072,5
2025-06-06T05:13:48.699602+00:00,800670173,Marison Enterprise,103.168.75.29,Ping,UP,100.0,139,1749060981,5
2025-06-06T05:13:48.699602+00:00,800668886,Railtel Fibre,136.232.74.101,Ping,UP,100.0,146,1749051282,5
2025-06-06T05:36:53.256286+00:00,800668854,BSNL Fibre,117.199.72.1,Ping,UP,100.0,148,1749051072,5
2025-06-06T05:36:53.256286+00:00,800670173,Marison Enterprise,103.168.75.29,Ping,UP,100.0,142,1749060981,5
2025-06-06T05:36:53.256286+00:00,800668886,Railtel Fibre,136.232.74.101,Ping,UP,100.0,162,1749051282,5
2025-06-06T05:51:51.047577+00:00,800668854,BSNL Fibre,117.199.72.1,Ping,UP,100.0,161,1749051072,5
2025-06-06T05:51:51.047577+00:00,800670173,Marison Enterprise,103.168.75.29,Ping,UP,100.0,139,1749060981,5
2025-06-06T05:51:51.047577+00:00,800668886,Railtel Fibre,136.232.74.101,Ping,UP,100.0,168,1749051282,5
2025-06-06T06:19:41.545224+00:00,800668854,BSNL Fibre,117.199.72.1,Ping,UP,100.0,149,1749051072,5
2025-06-06T06:19:41.545224+00:00,800670173,Marison Enterprise,103.168.75.29,Ping,UP,100.0,137,1749060981,5
2025-06-06T06:19:41.545224+00:00,800668886,Railtel Fibre,136.232.74.101,Ping,UP,100.0,168,1749051282,5
2025-06-06T06:50:40.306435+00:00,800668854,BSNL Fibre,117.199.72.1,Ping,UP,100.0,157,1749051072,5
2025-06-06T06:50:40.306435+00:00,800670173,Marison Enterprise,103.168.75.29,Ping,UP,100.0,132,1749060981,5
2025-06-06T06:50:40.306435+00:00,800668886,Railtel Fibre,136.232.74.101,Ping,UP,100.0,167,1749051282,5
2025-06-06T07:12:43.992415+00:00,800668854,BSNL Fibre,117.199.72.1,Ping,UP,100.0,153,1749051072,5
2025-06-06T07:12:43.992415+00:00,800670173,Marison Enterprise,103.168.75.29,Ping,UP,100.0,133,1749060981,5
2025-06-06T07:12:43.992415+00:00,800668886,Railtel Fibre,136.232.74.101,Ping,UP,100.0,3359,1749051282,5
2025-06-06T07:29:55.592649+00:00,800668854,BSNL Fibre,117.199.72.1,Ping,UP,100.0,156,1749051072,5
2025-06-06T07:29:55.592649+00:00,800670173,Marison Enterprise,103.168.75.29,Ping,UP,100.0,133,1749060981,5
2025-06-06T07:29:55.592649+00:00,800668886,Railtel Fibre,136.232.74.101,Ping,UP,100.0,164,1749051282,5
2025-06-06T07:41:04.439775+00:00,800668854,BSNL Fibre,117.199.72.1,Ping,UP,100.0,152,1749051072,5
2025-06-06T07:41:04.439775+00:00,800670173,Marison Enterprise,103.168.75.29,Ping,UP,100.0,146,1749060981,5
2025-06-06T07:41:04.439775+00:00,800668886,Railtel Fibre,136.232.74.101,Ping,UP,100.0,166,1749051282,5
2025-06-06T07:48:46.425467+00:00,800668854,BSNL Fibre,117.199.72.1,Ping,UP,100.0,152,1749051072,5
2025-06-06T07:48:46.425467+00:00,800670173,Marison Enterprise,103.168.75.29,Ping,UP,100.0,146,1749060981,5
2025-06-06T07:48:46.425467+00:00,800668886,Railtel Fibre,136.232.74.101,Ping,UP,100.0,166,1749051282,5
2025-06-06T08:17:48.222737+00:00,800668854,BSNL Fibre,117.199.72.1,Ping,UP,100.0,155,1749051072,5
2025-06-06T08:17:48.222737+00:00,800670173,Marison Enterprise,103.168.75.29,Ping,UP,100.0,142,1749060981,5
2025-06-06T08:17:48.222737+00:00,800668886,Railtel Fibre,136.232.74.101,Ping,UP,100.0,158,1749051282,5
2025-06-06T08:45:03.372151+00:00,800668854,BSNL Fibre,117.199.72.1,Ping,UP,100.0,150,1749051072,5
2025-06-06T08:45:03.372151+00:00,800670173,Marison Enterprise,103.168.75.29,Ping,UP,100.0,129,1749060981,5
2025-06-06T08:45:03.372151+00:00,800668886,Railtel Fibre,136.232.74.101,Ping,UP,100.0,151,1749051282,5
2025-06-06T08:56:47.480338+00:00,800668854,BSNL Fibre,117.199.72.1,Ping,UP,100.0,153,1749051072,5
2025-06-06T08:56:47.480338+00:00,800670173,Marison Enterprise,103.168.75.29,Ping,UP,100.0,129,1749060981,5
2025-06-06T08:56:47.480338+00:00,800668886,Railtel Fibre,136.232.74.101,Ping,UP,100.0,151,1749051282,5
2025-06-06T09:17:51.305528+00:00,800668854,BSNL Fibre,117.199.72.1,Ping,UP,100.0,160,1749051072,5
2025-06-06T09:17:51.305528+00:00,800670173,Marison Enterprise,103.168.75.29,Ping,UP,100.0,137,1749060981,5
2025-06-06T09:17:51.305528+00:00,800668886,Railtel Fibre,136.232.74.101,Ping,UP,100.0,159,1749051282,5
2025-06-06T09:39:46.146172+00:00,800668854,BSNL Fibre,117.199.72.1,Ping,UP,100.0,136,1749051072,5
2025-06-06T09:39:46.146172+00:00,800670173,Marison Enterprise,103.168.75.29,Ping,UP,100.0,149,1749060981,5
2025-06-06T09:39:46.146172+00:00,800668886,Railtel Fibre,136.232.74.101,Ping,UP,100.0,135,1749051282,5
2025-06-06T09:49:16.467467+00:00,800668854,BSNL Fibre,117.199.72.1,Ping,UP,100.0,161,1749051072,5
2025-06-06T09:49:16.467467+00:00,800670173,Marison Enterprise,103.168.75.29,Ping,UP,100.0,152,1749060981,5
2025-06-06T09:49:16.467467+00:00,800668886,Railtel Fibre,136.232.74.101,Ping,UP,100.0,142,1749051282,5
2025-06-06T10:14:42.181982+00:00,800668854,BSNL Fibre,117.199.72.1,Ping,UP,100.0,154,1749051072,5
2025-06-06T10:14:42.181982+00:00,800670173,Marison Enterprise,103.168.75.29,Ping,UP,100.0,148,1749060981,5
2025-06-06T10:14:42.181982+00:00,800668886,Railtel Fibre,136.232.74.101,Ping,UP,100.0,139,1749051282,5
2025-06-06T10:40:45.452782+00:00,800668854,BSNL Fibre,117.199.72.1,Ping,UP,100.0,162,1749051072,5
2025-06-06T10:40:45.452782+00:00,800670173,Marison Enterprise,103.168.75.29,Ping,UP,100.0,146,1749060981,5
2025-06-06T10:40:45.452782+00:00,800668886,Railtel Fibre,136.232.74.101,Ping,UP,100.0,139,1749051282,5
2025-06-06T10:52:29.614962+00:00,800668854,BSNL Fibre,117.199.72.1,Ping,UP,100.0,162,1749051072,5
2025-06-06T10:52:29.614962+00:00,800670173,Marison Enterprise,103.168.75.29,Ping,UP,100.0,146,1749060981,5
2025-06-06T10:52:29.614962+00:00,800668886,Railtel Fibre,136.232.74.101,Ping,UP,100.0,147,1749051282,5
2025-06-06T11:11:38.840942+00:00,800668854,BSNL Fibre,117.199.72.1,Ping,UP,100.0,145,1749051072,5
2025-06-06T11:11:38.840942+00:00,800670173,Marison Enterprise,103.168.75.29,Ping,UP,100.0,142,1749060981,5
2025-06-06T11:11:38.840942+00:00,800668886,Railtel Fibre,136.232.74.101,Ping,UP,100.0,149,1749051282,5
2025-06-06T11:27:37.079974+00:00,800668854,BSNL Fibre,117.199.72.1,Ping,UP,100.0,145,1749051072,5
2025-06-06T11:27:37.079974+00:00,800670173,Marison Enterprise,103.168.75.29,Ping,UP,100.0,142,1749060981,5
2025-06-06T11:27:37.079974+00:00,800668886,Railtel Fibre,136.232.74.101,Ping,UP,100.0,150,1749051282,5
2025-06-06T11:38:23.819798+00:00,800668854,BSNL Fibre,117.199.72.1,Ping,UP,100.0,153,1749051072,5
2025-06-06T11:38:23.819798+00:00,800670173,Marison Enterprise,103.168.75.29,Ping,UP,100.0,140,1749060981,5
2025-06-06T11:38:23.819798+00:00,800668886,Railtel Fibre,136.232.74.101,Ping,UP,100.0,141,1749051282,5
2025-06-06T11:47:35.818329+00:00,800668854,BSNL Fibre,117.199.72.1,Ping,UP,100.0,157,1749051072,5
2025-06-06T11:47:35.818329+00:00,800670173,Marison Enterprise,103.168.75.29,Ping,UP,100.0,153,1749060981,5
2025-06-06T11:47:35.818329+00:00,800668886,Railtel Fibre,136.232.74.101,Ping,UP,100.0,141,1749051282,5
2025-06-06T12:25:24.103105+00:00,800668854,BSNL Fibre,117.199.72.1,Ping,UP,100.0,147,1749051072,5
2025-06-06T12:25:24.103105+00:00,800670173,Marison Enterprise,103.168.75.29,Ping,UP,100.0,142,1749060981,5
2025-06-06T12:25:24.103105+00:00,800668886,Railtel Fibre,136.232.74.101,Ping,UP,100.0,148,1749051282,5
2025-06-06T13:04:09.430342+00:00,800668854,BSNL Fibre,117.199.72.1,Ping,UP,100.0,144,1749051072,5
2025-06-06T13:04:09.430342+00:00,800670173,Marison Enterprise,103.168.75.29,Ping,UP,100.0,152,1749060981,5
2025-06-06T13:04:09.430342+00:00,800668886,Railtel Fibre,136.232.74.101,Ping,UP,100.0,136,1749051282,5
2025-06-06T13:41:45.488595+00:00,800668854,BSNL Fibre,117.199.72.1,Ping,UP,100.0,146,1749051072,5
2025-06-06T13:41:45.488595+00:00,800670173,Marison Enterprise,103.168.75.29,Ping,UP,100.0,154,1749060981,5
2025-06-06T13:41:45.488595+00:00,800668886,Railtel Fibre,136.232.74.101,Ping,UP,100.0,147,1749051282,5
2025-06-06T13:53:09.748279+00:00,800668854,BSNL Fibre,117.199.72.1,Ping,UP,100.0,146,1749051072,5
2025-06-06T13:53:09.748279+00:00,800670173,Marison Enterprise,103.168.75.29,Ping,UP,100.0,154,1749060981,5
2025-06-06T13:53:09.748279+00:00,800668886,Railtel Fibre,136.232.74.101,Ping,UP,100.0,145,1749051282,5
2025-06-06T14:12:55.547067+00:00,800668854,BSNL Fibre,117.199.72.1,Ping,UP,100.0,3344,1749051072,5
2025-06-06T14:12:55.547067+00:00,800670173,Marison Enterprise,103.168.75.29,Ping,UP,100.0,148,1749060981,5
2025-06-06T14:12:55.547067+00:00,800668886,Railtel Fibre,136.232.74.101,Ping,UP,100.0,149,1749051282,5
2025-06-06T14:34:09.229334+00:00,800668854,BSNL Fibre,117.199.72.1,Ping,UP,100.0,156,1749051072,5
2025-06-06T14:34:09.229334+00:00,800670173,Marison Enterprise,103.168.75.29,Ping,UP,100.0,151,1749060981,5
2025-06-06T14:34:09.229334+00:00,800668886,Railtel Fibre,136.232.74.101,Ping,UP,100.0,150,1749051282,5
2025-06-06T14:49:11.135110+00:00,800668854,BSNL Fibre,117.199.72.1,Ping,UP,100.0,148,1749051072,5
2025-06-06T14:49:11.135110+00:00,800670173,Marison Enterprise,103.168.75.29,Ping,UP,100.0,151,1749060981,5
2025-06-06T14:49:11.135110+00:00,800668886,Railtel Fibre,136.232.74.101,Ping,UP,100.0,150,1749051282,5
2025-06-06T15:10:58.316627+00:00,800668854,BSNL Fibre,117.199.72.1,Ping,UP,100.0,157,1749051072,5
2025-06-06T15:10:58.316627+00:00,800670173,Marison Enterprise,103.168.75.29,Ping,UP,100.0,151,1749060981,5
2025-06-06T15:10:58.316627+00:00,800668886,Railtel Fibre,136.232.74.101,Ping,UP,100.0,143,1749051282,5
2025-06-06T15:30:52.917738+00:00,800668854,BSNL Fibre,117.199.72.1,Ping,UP,100.0,150,1749051072,5
2025-06-06T15:30:52.917738+00:00,800670173,Marison Enterprise,103.168.75.29,Ping,UP,100.0,140,1749060981,5
2025-06-06T15:30:52.917738+00:00,800668886,Railtel Fibre,136.232.74.101,Ping,UP,100.0,152,1749051282,5
2025-06-06T15:48:02.758374+00:00,800668854,BSNL Fibre,117.199.72.1,Ping,UP,100.0,157,1749051072,5
2025-06-06T15:48:02.758374+00:00,800670173,Marison Enterprise,103.168.75.29,Ping,UP,100.0,140,1749060981,5
2025-06-06T15:48:02.758374+00:00,800668886,Railtel Fibre,136.232.74.101,Ping,UP,100.0,152,1749051282,5
2025-06-06T16:16:50.145669+00:00,800668854,BSNL Fibre,117.199.72.1,Ping,UP,100.0,156,1749051072,5
2025-06-06T16:16:50.145669+00:00,800670173,Marison Enterprise,103.168.75.29,Ping,UP,100.0,138,1749060981,5
2025-06-06T16:16:50.145669+00:00,800668886,Railtel Fibre,136.232.74.101,Ping,UP,100.0,147,1749051282,5
2025-06-06T16:46:46.373348+00:00,800668854,BSNL Fibre,117.199.72.1,Ping,UP,100.0,155,1749051072,5
2025-06-06T16:46:46.373348+00:00,800670173,Marison Enterprise,103.168.75.29,Ping,UP,100.0,141,1749060981,5
2025-06-06T16:46:46.373348+00:00,800668886,Railtel Fibre,136.232.74.101,Ping,UP,100.0,156,1749051282,5
2025-06-06T17:12:23.855268+00:00,800668854,BSNL Fibre,117.199.72.1,Ping,UP,100.0,147,1749051072,5
2025-06-06T17:12:23.855268+00:00,800670173,Marison Enterprise,103.168.75.29,Ping,UP,100.0,140,1749060981,5
2025-06-06T17:12:23.855268+00:00,800668886,Railtel Fibre,136.232.74.101,Ping,UP,100.0,141,1749051282,5
2025-06-06T17:32:52.129801+00:00,800668854,BSNL Fibre,117.199.72.1,Ping,UP,100.0,154,1749051072,5
2025-06-06T17:32:52.129801+00:00,800670173,Marison Enterprise,103.168.75.29,Ping,UP,100.0,142,1749060981,5
2025-06-06T17:32:52.129801+00:00,800668886,Railtel Fibre,136.232.74.101,Ping,UP,100.0,147,1749051282,5
2025-06-06T17:48:35.720652+00:00,800668854,BSNL Fibre,117.199.72.1,Ping,UP,100.0,156,1749051072,5
2025-06-06T17:48:35.720652+00:00,800670173,Marison Enterprise,103.168.75.29,Ping,UP,100.0,142,1749060981,5
2025-06-06T17:48:35.720652+00:00,800668886,Railtel Fibre,136.232.74.101,Ping,UP,100.0,147,1749051282,5
2025-06-06T18:18:25.856612+00:00,800668854,BSNL Fibre,117.199.72.1,Ping,UP,100.0,151,1749051072,5
2025-06-06T18:18:25.856612+00:00,800670173,Marison Enterprise,103.168.75.29,Ping,UP,100.0,141,1749060981,5
2025-06-06T18:18:25.856612+00:00,800668886,Railtel Fibre,136.232.74.101,Ping,UP,100.0,131,1749051282,5
2025-06-06T18:47:26.165407+00:00,800668854,BSNL Fibre,117.199.72.1,Ping,UP,100.0,145,1749051072,5
2025-06-06T18:47:26.165407+00:00,800670173,Marison Enterprise,103.168.75.29,Ping,UP,100.0,143,1749060981,5
2025-06-06T18:47:26.165407+00:00,800668886,Railtel Fibre,136.232.74.101,Ping,UP,100.0,147,1749051282,5
2025-06-06T19:10:36.363273+00:00,800668854,BSNL Fibre,117.199.72.1,Ping,UP,100.0,149,1749051072,5
2025-06-06T19:10:36.363273+00:00,800670173,Marison Enterprise,103.168.75.29,Ping,UP,100.0,146,1749060981,5
2025-06-06T19:10:36.363273+00:00,800668886,Railtel Fibre,136.232.74.101,Ping,UP,100.0,160,1749051282,5
2025-06-06T19:25:08.492929+00:00,800668854,BSNL Fibre,117.199.72.1,Ping,UP,100.0,149,1749051072,5
2025-06-06T19:25:08.492929+00:00,800670173,Marison Enterprise,103.168.75.29,Ping,UP,100.0,146,1749060981,5
2025-06-06T19:25:08.492929+00:00,800668886,Railtel Fibre,136.232.74.101,Ping,UP,100.0,153,1749051282,5
2025-06-06T19:34:27.325235+00:00,800668854,BSNL Fibre,117.199.72.1,Ping,UP,100.0,157,1749051072,5
2025-06-06T19:34:27.325235+00:00,800670173,Marison Enterprise,103.168.75.29,Ping,UP,100.0,155,1749060981,5
2025-06-06T19:34:27.325235+00:00,800668886,Railtel Fibre,136.232.74.101,Ping,UP,100.0,140,1749051282,5
2025-06-06T19:48:05.007035+00:00,800668854,BSNL Fibre,117.199.72.1,Ping,UP,100.0,150,1749051072,5
2025-06-06T19:48:05.007035+00:00,800670173,Marison Enterprise,103.168.75.29,Ping,UP,100.0,155,1749060981,5
2025-06-06T19:48:05.007035+00:00,800668886,Railtel Fibre,136.232.74.101,Ping,UP,100.0,140,1749051282,5
2025-06-06T20:14:57.877001+00:00,800668854,BSNL Fibre,117.199.72.1,Ping,UP,100.0,157,1749051072,5
2025-06-06T20:14:57.877001+00:00,800670173,Marison Enterprise,103.168.75.29,Ping,UP,100.0,144,1749060981,5
2025-06-06T20:14:57.877001+00:00,800668886,Railtel Fibre,136.232.74.101,Ping,UP,100.0,147,1749051282,5
2025-06-06T20:34:26.939068+00:00,800668854,BSNL Fibre,117.199.72.1,Ping,UP,100.0,154,1749051072,5
2025-06-06T20:34:26.939068+00:00,800670173,Marison Enterprise,103.168.75.29,Ping,UP,100.0,148,1749060981,5
2025-06-06T20:34:26.939068+00:00,800668886,Railtel Fibre,136.232.74.101,Ping,UP,100.0,147,1749051282,5
2025-06-06T20:50:15.579369+00:00,800668854,BSNL Fibre,117.199.72.1,Ping,UP,100.0,155,1749051072,5
2025-06-06T20:50:15.579369+00:00,800670173,Marison Enterprise,103.168.75.29,Ping,UP,100.0,130,1749060981,5
2025-06-06T20:50:15.579369+00:00,800668886,Railtel Fibre,136.232.74.101,Ping,UP,100.0,140,1749051282,5
2025-06-06T21:11:50.330499+00:00,800668854,BSNL Fibre,117.199.72.1,Ping,UP,100.0,152,1749051072,5
2025-06-06T21:11:50.330499+00:00,800670173,Marison Enterprise,103.168.75.29,Ping,UP,100.0,147,1749060981,5
2025-06-06T21:11:50.330499+00:00,800668886,Railtel Fibre,136.232.74.101,Ping,UP,100.0,151,1749051282,5
2025-06-06T21:29:20.167592+00:00,800668854,BSNL Fibre,117.199.72.1,Ping,UP,100.0,152,1749051072,5
2025-06-06T21:29:20.167592+00:00,800670173,Marison Enterprise,103.168.75.29,Ping,UP,100.0,148,1749060981,5
2025-06-06T21:29:20.167592+00:00,800668886,Railtel Fibre,136.232.74.101,Ping,UP,100.0,141,1749051282,5
2025-06-06T21:40:15.550619+00:00,800668854,BSNL Fibre,117.199.72.1,Ping,UP,100.0,156,1749051072,5
2025-06-06T21:40:15.550619+00:00,800670173,Marison Enterprise,103.168.75.29,Ping,UP,100.0,132,1749060981,5
2025-06-06T21:40:15.550619+00:00,800668886,Railtel Fibre,136.232.74.101,Ping,UP,100.0,153,1749051282,5
2025-06-06T21:47:59.007868+00:00,800668854,BSNL Fibre,117.199.72.1,Ping,UP,100.0,156,1749051072,5
2025-06-06T21:47:59.007868+00:00,800670173,Marison Enterprise,103.168.75.29,Ping,UP,100.0,132,1749060981,5
2025-06-06T21:47:59.007868+00:00,800668886,Railtel Fibre,136.232.74.101,Ping,UP,100.0,153,1749051282,5
2025-06-06T22:12:22.121190+00:00,800668854,BSNL Fibre,117.199.72.1,Ping,UP,100.0,152,1749051072,5
2025-06-06T22:12:22.121190+00:00,800670173,Marison Enterprise,103.168.75.29,Ping,UP,100.0,156,1749060981,5
2025-06-06T22:12:22.121190+00:00,800668886,Railtel Fibre,136.232.74.101,Ping,UP,100.0,149,1749051282,5
2025-06-06T22:34:00.398559+00:00,800668854,BSNL Fibre,117.199.72.1,Ping,UP,100.0,149,1749051072,5
2025-06-06T22:34:00.398559+00:00,800670173,Marison Enterprise,103.168.75.29,Ping,UP,100.0,140,1749060981,5
2025-06-06T22:34:00.398559+00:00,800668886,Railtel Fibre,136.232.74.101,Ping,UP,100.0,160,1749051282,5
2025-06-06T22:47:55.830242+00:00,800668854,BSNL Fibre,117.199.72.1,Ping,UP,100.0,154,1749051072,5
2025-06-06T22:47:55.830242+00:00,800670173,Marison Enterprise,103.168.75.29,Ping,UP,100.0,140,1749060981,5
2025-06-06T22:47:55.830242+00:00,800668886,Railtel Fibre,136.232.74.101,Ping,UP,100.0,150,1749051282,5
2025-06-06T23:12:23.572288+00:00,800668854,BSNL Fibre,117.199.72.1,Ping,UP,100.0,145,1749051072,5
2025-06-06T23:12:23.572288+00:00,800670173,Marison Enterprise,103.168.75.29,Ping,UP,100.0,153,1749060981,5
2025-06-06T23:12:23.572288+00:00,800668886,Railtel Fibre,136.232.74.101,Ping,UP,100.0,152,1749051282,5
2025-06-06T23:29:38.188120+00:00,800668854,BSNL Fibre,117.199.72.1,Ping,UP,100.0,145,1749051072,5
2025-06-06T23:29:38.188120+00:00,800670173,Marison Enterprise,103.168.75.29,Ping,UP,100.0,150,1749060981,5
2025-06-06T23:29:38.188120+00:00,800668886,Railtel Fibre,136.232.74.101,Ping,UP,100.0,132,1749051282,5
2025-06-06T23:41:00.009863+00:00,800668854,BSNL Fibre,117.199.72.1,Ping,UP,100.0,152,1749051072,5
2025-06-06T23:41:00.009863+00:00,800670173,Marison Enterprise,103.168.75.29,Ping,UP,100.0,152,1749060981,5
2025-06-06T23:41:00.009863+00:00,800668886,Railtel Fibre,136.232.74.101,Ping,UP,100.0,149,1749051282,5
2025-06-06T23:48:21.905916+00:00,800668854,BSNL Fibre,117.199.72.1,Ping,UP,100.0,152,1749051072,5
2025-06-06T23:48:21.905916+00:00,800670173,Marison Enterprise,103.168.75.29,Ping,UP,100.0,152,1749060981,5
2025-06-06T23:48:21.905916+00:00,800668886,Railtel Fibre,136.232.74.101,Ping,UP,100.0,149,1749051282,5
2025-06-07T01:02:55.018806+00:00,800668854,BSNL Fibre,117.199.72.1,Ping,UP,100.0,145,1749051072,5
2025-06-07T01:02:55.018806+00:00,800670173,Marison Enterprise,103.168.75.29,Ping,UP,100.0,137,1749060981,5
2025-06-07T01:02:55.018806+00:00,800668886,Railtel Fibre,136.232.74.101,Ping,UP,100.0,149,1749051282,5
2025-06-07T02:50:12.026044+00:00,800668854,BSNL Fibre,117.199.72.1,Ping,UP,100.0,143,1749051072,5
2025-06-07T02:50:12.026044+00:00,800670173,Marison Enterprise,103.168.75.29,Ping,UP,100.0,142,1749060981,5
2025-06-07T02:50:12.026044+00:00,800668886,Railtel Fibre,136.232.74.101,Ping,UP,100.0,146,1749051282,5
2025-06-07T03:40:11.832633+00:00,800668854,BSNL Fibre,117.199.72.1,Ping,UP,100.0,147,1749051072,5
2025-06-07T03:40:11.832633+00:00,800670173,Marison Enterprise,103.168.75.29,Ping,UP,100.0,145,1749060981,5
2025-06-07T03:40:11.832633+00:00,800668886,Railtel Fibre,136.232.74.101,Ping,UP,100.0,149,1749051282,5
2025-06-07T03:59:39.317869+00:00,800668854,BSNL Fibre,117.199.72.1,Ping,UP,100.0,150,1749051072,5
2025-06-07T03:59:39.317869+00:00,800670173,Marison Enterprise,103.168.75.29,Ping,UP,100.0,134,1749060981,5
2025-06-07T03:59:39.317869+00:00,800668886,Railtel Fibre,136.232.74.101,Ping,UP,100.0,149,1749051282,5
2025-06-07T04:28:02.708153+00:00,800668854,BSNL Fibre,117.199.72.1,Ping,UP,100.0,157,1749051072,5
2025-06-07T04:28:02.708153+00:00,800670173,Marison Enterprise,103.168.75.29,Ping,UP,100.0,136,1749060981,5
2025-06-07T04:28:02.708153+00:00,800668886,Railtel Fibre,136.232.74.101,Ping,UP,100.0,143,1749051282,5
2025-06-07T04:46:09.393941+00:00,800668854,BSNL Fibre,117.199.72.1,Ping,UP,100.0,156,1749051072,5
2025-06-07T04:46:09.393941+00:00,800670173,Marison Enterprise,103.168.75.29,Ping,UP,100.0,129,1749060981,5
2025-06-07T04:46:09.393941+00:00,800668886,Railtel Fibre,136.232.74.101,Ping,UP,100.0,138,1749051282,5
2025-06-07T05:12:27.450111+00:00,800668854,BSNL Fibre,117.199.72.1,Ping,UP,100.0,157,1749051072,5
2025-06-07T05:12:27.450111+00:00,800670173,Marison Enterprise,103.168.75.29,Ping,UP,100.0,142,1749060981,5
2025-06-07T05:12:27.450111+00:00,800668886,Railtel Fibre,136.232.74.101,Ping,UP,100.0,147,1749051282,5
2025-06-07T05:32:11.555372+00:00,800668854,BSNL Fibre,117.199.72.1,Ping,UP,100.0,151,1749051072,5
2025-06-07T05:32:11.555372+00:00,800670173,Marison Enterprise,103.168.75.29,Ping,UP,100.0,136,1749060981,5
2025-06-07T05:32:11.555372+00:00,800668886,Railtel Fibre,136.232.74.101,Ping,UP,100.0,153,1749051282,5
2025-06-07T05:47:49.811599+00:00,800668854,BSNL Fibre,117.199.72.1,Ping,UP,100.0,151,1749051072,5
2025-06-07T05:47:49.811599+00:00,800670173,Marison Enterprise,103.168.75.29,Ping,UP,100.0,136,1749060981,5
2025-06-07T05:47:49.811599+00:00,800668886,Railtel Fibre,136.232.74.101,Ping,UP,100.0,141,1749051282,5
2025-06-07T06:17:17.913756+00:00,800668854,BSNL Fibre,117.199.72.1,Ping,UP,100.0,154,1749051072,5
2025-06-07T06:17:17.913756+00:00,800670173,Marison Enterprise,103.168.75.29,Ping,UP,100.0,128,1749060981,5
2025-06-07T06:17:17.913756+00:00,800668886,Railtel Fibre,136.232.74.101,Ping,UP,100.0,144,1749051282,5
2025-06-07T06:45:32.376842+00:00,800668854,BSNL Fibre,117.199.72.1,Ping,UP,100.0,157,1749051072,5
2025-06-07T06:45:32.376842+00:00,800670173,Marison Enterprise,103.168.75.29,Ping,UP,100.0,139,1749060981,5
2025-06-07T06:45:32.376842+00:00,800668886,Railtel Fibre,136.232.74.101,Ping,UP,100.0,153,1749051282,5
2025-06-07T07:11:48.887447+00:00,800668854,BSNL Fibre,117.199.72.1,Ping,UP,100.0,161,1749051072,5
2025-06-07T07:11:48.887447+00:00,800670173,Marison Enterprise,103.168.75.29,Ping,UP,100.0,133,1749060981,5
2025-06-07T07:11:48.887447+00:00,800668886,Railtel Fibre,136.232.74.101,Ping,UP,100.0,153,1749051282,5
2025-06-07T07:27:19.449198+00:00,800668854,BSNL Fibre,117.199.72.1,Ping,UP,100.0,148,1749051072,5
2025-06-07T07:27:19.449198+00:00,800670173,Marison Enterprise,103.168.75.29,Ping,UP,100.0,137,1749060981,5
2025-06-07T07:27:19.449198+00:00,800668886,Railtel Fibre,136.232.74.101,Ping,UP,100.0,134,1749051282,5
2025-06-07T07:36:23.066198+00:00,800668854,BSNL Fibre,117.199.72.1,Ping,UP,100.0,155,1749051072,5
2025-06-07T07:36:23.066198+00:00,800670173,Marison Enterprise,103.168.75.29,Ping,UP,100.0,137,1749060981,5
2025-06-07T07:36:23.066198+00:00,800668886,Railtel Fibre,136.232.74.101,Ping,UP,100.0,134,1749051282,5
2025-06-07T07:47:53.362919+00:00,800668854,BSNL Fibre,117.199.72.1,Ping,UP,100.0,155,1749051072,5
2025-06-07T07:47:53.362919+00:00,800670173,Marison Enterprise,103.168.75.29,Ping,UP,100.0,138,1749060981,5
2025-06-07T07:47:53.362919+00:00,800668886,Railtel Fibre,136.232.74.101,Ping,UP,100.0,154,1749051282,5
2025-06-07T08:15:24.489165+00:00,800668854,BSNL Fibre,117.199.72.1,Ping,UP,100.0,156,1749051072,5
2025-06-07T08:15:24.489165+00:00,800670173,Marison Enterprise,103.168.75.29,Ping,UP,100.0,140,1749060981,5
2025-06-07T08:15:24.489165+00:00,800668886,Railtel Fibre,136.232.74.101,Ping,UP,100.0,152,1749051282,5
2025-06-07T08:42:13.792698+00:00,800668854,BSNL Fibre,117.199.72.1,Ping,UP,100.0,142,1749051072,5
2025-06-07T08:42:13.792698+00:00,800670173,Marison Enterprise,103.168.75.29,Ping,UP,100.0,142,1749060981,5
2025-06-07T08:42:13.792698+00:00,800668886,Railtel Fibre,136.232.74.101,Ping,UP,100.0,134,1749051282,5
2025-06-07T08:52:22.454311+00:00,800668854,BSNL Fibre,117.199.72.1,Ping,UP,100.0,155,1749051072,5
2025-06-07T08:52:22.454311+00:00,800670173,Marison Enterprise,103.168.75.29,Ping,UP,100.0,143,1749060981,5
2025-06-07T08:52:22.454311+00:00,800668886,Railtel Fibre,136.232.74.101,Ping,UP,100.0,137,1749051282,5
2025-06-07T09:12:17.774371+00:00,800668854,BSNL Fibre,117.199.72.1,Ping,UP,100.0,161,1749051072,5
2025-06-07T09:12:17.774371+00:00,800670173,Marison Enterprise,103.168.75.29,Ping,UP,100.0,142,1749060981,5
2025-06-07T09:12:17.774371+00:00,800668886,Railtel Fibre,136.232.74.101,Ping,UP,100.0,145,1749051282,5
2025-06-07T09:29:25.743986+00:00,800668854,BSNL Fibre,117.199.72.1,Ping,UP,100.0,153,1749051072,5
2025-06-07T09:29:25.743986+00:00,800670173,Marison Enterprise,103.168.75.29,Ping,UP,100.0,133,1749060981,5
2025-06-07T09:29:25.743986+00:00,800668886,Railtel Fibre,136.232.74.101,Ping,UP,100.0,137,1749051282,5
2025-06-07T09:40:10.500316+00:00,800668854,BSNL Fibre,117.199.72.1,Ping,UP,100.0,150,1749051072,5
2025-06-07T09:40:10.500316+00:00,800670173,Marison Enterprise,103.168.75.29,Ping,UP,100.0,135,1749060981,5
2025-06-07T09:40:10.500316+00:00,800668886,Railtel Fibre,136.232.74.101,Ping,UP,100.0,141,1749051282,5
2025-06-07T09:47:43.121981+00:00,800668854,BSNL Fibre,117.199.72.1,Ping,UP,100.0,150,1749051072,5
2025-06-07T09:47:43.121981+00:00,800670173,Marison Enterprise,103.168.75.29,Ping,UP,100.0,135,1749060981,5
2025-06-07T09:47:43.121981+00:00,800668886,Railtel Fibre,136.232.74.101,Ping,UP,100.0,141,1749051282,5
2025-06-07T10:12:48.386966+00:00,800668854,BSNL Fibre,117.199.72.1,Ping,UP,100.0,159,1749051072,5
2025-06-07T10:12:48.386966+00:00,800670173,Marison Enterprise,103.168.75.29,Ping,UP,100.0,144,1749060981,5
2025-06-07T10:12:48.386966+00:00,800668886,Railtel Fibre,136.232.74.101,Ping,UP,100.0,142,1749051282,5
2025-06-07T10:34:53.376427+00:00,800668854,BSNL Fibre,117.199.72.1,Ping,UP,100.0,138,1749051072,5
2025-06-07T10:34:53.376427+00:00,800670173,Marison Enterprise,103.168.75.29,Ping,UP,100.0,134,1749060981,5
2025-06-07T10:34:53.376427+00:00,800668886,Railtel Fibre,136.232.74.101,Ping,UP,100.0,157,1749051282,5
2025-06-07T10:50:57.657623+00:00,800668854,BSNL Fibre,117.199.72.1,Ping,UP,100.0,148,1749051072,5
2025-06-07T10:50:57.657623+00:00,800670173,Marison Enterprise,103.168.75.29,Ping,UP,100.0,134,1749060981,5
2025-06-07T10:50:57.657623+00:00,800668886,Railtel Fibre,136.232.74.101,Ping,UP,100.0,141,1749051282,5
2025-06-07T11:09:45.184652+00:00,800668854,BSNL Fibre,117.199.72.1,Ping,UP,100.0,151,1749051072,5
2025-06-07T11:09:45.184652+00:00,800670173,Marison Enterprise,103.168.75.29,Ping,UP,100.0,134,1749060981,5
2025-06-07T11:09:45.184652+00:00,800668886,Railtel Fibre,136.232.74.101,Ping,UP,100.0,141,1749051282,5
2025-06-07T11:24:23.031071+00:00,800668854,BSNL Fibre,117.199.72.1,Ping,UP,100.0,152,1749051072,5
2025-06-07T11:24:23.031071+00:00,800670173,Marison Enterprise,103.168.75.29,Ping,UP,100.0,137,1749060981,5
2025-06-07T11:24:23.031071+00:00,800668886,Railtel Fibre,136.232.74.101,Ping,UP,100.0,141,1749051282,5
2025-06-07T11:36:04.992544+00:00,800668854,BSNL Fibre,117.199.72.1,Ping,UP,100.0,149,1749051072,5
2025-06-07T11:36:04.992544+00:00,800670173,Marison Enterprise,103.168.75.29,Ping,UP,100.0,137,1749060981,5
2025-06-07T11:36:04.992544+00:00,800668886,Railtel Fibre,136.232.74.101,Ping,UP,100.0,141,1749051282,5
2025-06-07T11:47:51.138450+00:00,800668854,BSNL Fibre,117.199.72.1,Ping,UP,100.0,149,1749051072,5
2025-06-07T11:47:51.138450+00:00,800670173,Marison Enterprise,103.168.75.29,Ping,UP,100.0,146,1749060981,5
2025-06-07T11:47:51.138450+00:00,800668886,Railtel Fibre,136.232.74.101,Ping,UP,100.0,145,1749051282,5
2025-06-07T12:22:35.704107+00:00,800668854,BSNL Fibre,117.199.72.1,Ping,UP,100.0,150,1749051072,5
2025-06-07T12:22:35.704107+00:00,800670173,Marison Enterprise,103.168.75.29,Ping,UP,100.0,136,1749060981,5
2025-06-07T12:22:35.704107+00:00,800668886,Railtel Fibre,136.232.74.101,Ping,UP,100.0,131,1749051282,5
2025-06-07T13:00:12.906456+00:00,800668854,BSNL Fibre,117.199.72.1,Ping,UP,100.0,153,1749051072,5
2025-06-07T13:00:12.906456+00:00,800670173,Marison Enterprise,103.168.75.29,Ping,UP,100.0,139,1749060981,5
2025-06-07T13:00:12.906456+00:00,800668886,Railtel Fibre,136.232.74.101,Ping,UP,100.0,147,1749051282,5
2025-06-07T13:30:22.125198+00:00,800668854,BSNL Fibre,117.199.72.1,Ping,UP,100.0,166,1749051072,5
2025-06-07T13:30:22.125198+00:00,800670173,Marison Enterprise,103.168.75.29,Ping,UP,100.0,134,1749060981,5
2025-06-07T13:30:22.125198+00:00,800668886,Railtel Fibre,136.232.74.101,Ping,UP,100.0,149,1749051282,5
2025-06-07T13:43:20.996651+00:00,800668854,BSNL Fibre,117.199.72.1,Ping,UP,100.0,166,1749051072,5
2025-06-07T13:43:20.996651+00:00,800670173,Marison Enterprise,103.168.75.29,Ping,UP,100.0,137,1749060981,5
2025-06-07T13:43:20.996651+00:00,800668886,Railtel Fibre,136.232.74.101,Ping,UP,100.0,148,1749051282,5
2025-06-07T13:51:08.157970+00:00,800668854,BSNL Fibre,117.199.72.1,Ping,UP,100.0,160,1749051072,5
2025-06-07T13:51:08.157970+00:00,800670173,Marison Enterprise,103.168.75.29,Ping,UP,100.0,144,1749060981,5
2025-06-07T13:51:08.157970+00:00,800668886,Railtel Fibre,136.232.74.101,Ping,UP,100.0,148,1749051282,5
2025-06-07T14:11:00.637969+00:00,800668854,BSNL Fibre,117.199.72.1,Ping,UP,100.0,157,1749051072,5
2025-06-07T14:11:00.637969+00:00,800670173,Marison Enterprise,103.168.75.29,Ping,UP,100.0,131,1749060981,5
2025-06-07T14:11:00.637969+00:00,800668886,Railtel Fibre,136.232.74.101,Ping,UP,100.0,143,1749051282,5
2025-06-07T14:30:40.608012+00:00,800668854,BSNL Fibre,117.199.72.1,Ping,UP,100.0,145,1749051072,5
2025-06-07T14:30:40.608012+00:00,800670173,Marison Enterprise,103.168.75.29,Ping,UP,100.0,141,1749060981,5
2025-06-07T14:30:40.608012+00:00,800668886,Railtel Fibre,136.232.74.101,Ping,UP,100.0,143,1749051282,5
2025-06-07T14:48:03.189655+00:00,800668854,BSNL Fibre,117.199.72.1,Ping,UP,100.0,145,1749051072,5
2025-06-07T14:48:03.189655+00:00,800670173,Marison Enterprise,103.168.75.29,Ping,UP,100.0,131,1749060981,5
2025-06-07T14:48:03.189655+00:00,800668886,Railtel Fibre,136.232.74.101,Ping,UP,100.0,151,1749051282,5
2025-06-07T15:12:02.268051+00:00,800668854,BSNL Fibre,117.199.72.1,Ping,UP,100.0,145,1749051072,5
2025-06-07T15:12:02.268051+00:00,800670173,Marison Enterprise,103.168.75.29,Ping,UP,100.0,141,1749060981,5
2025-06-07T15:12:02.268051+00:00,800668886,Railtel Fibre,136.232.74.101,Ping,UP,100.0,141,1749051282,5
2025-06-07T15:30:09.418648+00:00,800668854,BSNL Fibre,117.199.72.1,Ping,UP,100.0,144,1749051072,5
2025-06-07T15:30:09.418648+00:00,800670173,Marison Enterprise,103.168.75.29,Ping,UP,100.0,142,1749060981,5
2025-06-07T15:30:09.418648+00:00,800668886,Railtel Fibre,136.232.74.101,Ping,UP,100.0,170,1749051282,5
2025-06-07T15:41:58.854020+00:00,800668854,BSNL Fibre,117.199.72.1,Ping,UP,100.0,144,1749051072,5
2025-06-07T15:41:58.854020+00:00,800670173,Marison Enterprise,103.168.75.29,Ping,UP,100.0,140,1749060981,5
2025-06-07T15:41:58.854020+00:00,800668886,Railtel Fibre,136.232.74.101,Ping,UP,100.0,141,1749051282,5
2025-06-07T15:49:21.125912+00:00,800668854,BSNL Fibre,117.199.72.1,Ping,UP,100.0,144,1749051072,5
2025-06-07T15:49:21.125912+00:00,800670173,Marison Enterprise,103.168.75.29,Ping,UP,100.0,140,1749060981,5
2025-06-07T15:49:21.125912+00:00,800668886,Railtel Fibre,136.232.74.101,Ping,UP,100.0,141,1749051282,5
2025-06-07T16:14:05.245409+00:00,800668854,BSNL Fibre,117.199.72.1,Ping,UP,100.0,158,1749051072,5
2025-06-07T16:14:05.245409+00:00,800670173,Marison Enterprise,103.168.75.29,Ping,UP,100.0,144,1749060981,5
2025-06-07T16:14:05.245409+00:00,800668886,Railtel Fibre,136.232.74.101,Ping,UP,100.0,142,1749051282,5
2025-06-07T16:39:37.573469+00:00,800668854,BSNL Fibre,117.199.72.1,Ping,UP,100.0,159,1749051072,5
2025-06-07T16:39:37.573469+00:00,800670173,Marison Enterprise,103.168.75.29,Ping,UP,100.0,141,1749060981,5
2025-06-07T16:39:37.573469+00:00,800668886,Railtel Fibre,136.232.74.101,Ping,UP,100.0,129,1749051282,5
2025-06-07T16:53:44.807335+00:00,800668854,BSNL Fibre,117.199.72.1,Ping,UP,100.0,159,1749051072,5
2025-06-07T16:53:44.807335+00:00,800670173,Marison Enterprise,103.168.75.29,Ping,UP,100.0,151,1749060981,5
2025-06-07T16:53:44.807335+00:00,800668886,Railtel Fibre,136.232.74.101,Ping,UP,100.0,142,1749051282,5
2025-06-07T17:10:28.777850+00:00,800668854,BSNL Fibre,117.199.72.1,Ping,UP,100.0,154,1749051072,5
2025-06-07T17:10:28.777850+00:00,800670173,Marison Enterprise,103.168.75.29,Ping,UP,100.0,135,1749060981,5
2025-06-07T17:10:28.777850+00:00,800668886,Railtel Fibre,136.232.74.101,Ping,UP,100.0,141,1749051282,5
2025-06-07T17:28:54.457013+00:00,800668854,BSNL Fibre,117.199.72.1,Ping,UP,100.0,134,1749051072,5
2025-06-07T17:28:54.457013+00:00,800670173,Marison Enterprise,103.168.75.29,Ping,UP,100.0,142,1749060981,5
2025-06-07T17:28:54.457013+00:00,800668886,Railtel Fibre,136.232.74.101,Ping,UP,100.0,141,1749051282,5
2025-06-07T17:40:05.514053+00:00,800668854,BSNL Fibre,117.199.72.1,Ping,UP,100.0,151,1749051072,5
2025-06-07T17:40:05.514053+00:00,800670173,Marison Enterprise,103.168.75.29,Ping,UP,100.0,153,1749060981,5
2025-06-07T17:40:05.514053+00:00,800668886,Railtel Fibre,136.232.74.101,Ping,UP,100.0,150,1749051282,5
2025-06-07T17:47:39.401880+00:00,800668854,BSNL Fibre,117.199.72.1,Ping,UP,100.0,151,1749051072,5
2025-06-07T17:47:39.401880+00:00,800670173,Marison Enterprise,103.168.75.29,Ping,UP,100.0,153,1749060981,5
2025-06-07T17:47:39.401880+00:00,800668886,Railtel Fibre,136.232.74.101,Ping,UP,100.0,150,1749051282,5
2025-06-07T18:16:19.852274+00:00,800668854,BSNL Fibre,117.199.72.1,Ping,UP,100.0,159,1749051072,5
2025-06-07T18:16:19.852274+00:00,800670173,Marison Enterprise,103.168.75.29,Ping,UP,100.0,154,1749060981,5
2025-06-07T18:16:19.852274+00:00,800668886,Railtel Fibre,136.232.74.101,Ping,UP,100.0,156,1749051282,5
2025-06-07T18:44:08.672208+00:00,800668854,BSNL Fibre,117.199.72.1,Ping,UP,100.0,147,1749051072,5
2025-06-07T18:44:08.672208+00:00,800670173,Marison Enterprise,103.168.75.29,Ping,UP,100.0,139,1749060981,5
2025-06-07T18:44:08.672208+00:00,800668886,Railtel Fibre,136.232.74.101,Ping,UP,100.0,147,1749051282,5
2025-06-07T18:53:59.777425+00:00,800668854,BSNL Fibre,117.199.72.1,Ping,UP,100.0,158,1749051072,5
2025-06-07T18:53:59.777425+00:00,800670173,Marison Enterprise,103.168.75.29,Ping,UP,100.0,146,1749060981,5
2025-06-07T18:53:59.777425+00:00,800668886,Railtel Fibre,136.232.74.101,Ping,UP,100.0,147,1749051282,5
2025-06-07T19:09:34.004139+00:00,800668854,BSNL Fibre,117.199.72.1,Ping,UP,100.0,149,1749051072,5
2025-06-07T19:09:34.004139+00:00,800670173,Marison Enterprise,103.168.75.29,Ping,UP,100.0,146,1749060981,5
2025-06-07T19:09:34.004139+00:00,800668886,Railtel Fibre,136.232.74.101,Ping,UP,100.0,142,1749051282,5
2025-06-07T19:23:26.901376+00:00,800668854,BSNL Fibre,117.199.72.1,Ping,UP,100.0,142,1749051072,5
2025-06-07T19:23:26.901376+00:00,800670173,Marison Enterprise,103.168.75.29,Ping,UP,100.0,137,1749060981,5
2025-06-07T19:23:26.901376+00:00,800668886,Railtel Fibre,136.232.74.101,Ping,UP,100.0,147,1749051282,5
2025-06-07T19:34:29.322481+00:00,800668854,BSNL Fibre,117.199.72.1,Ping,UP,100.0,142,1749051072,5
2025-06-07T19:34:29.322481+00:00,800670173,Marison Enterprise,103.168.75.29,Ping,UP,100.0,137,1749060981,5
2025-06-07T19:34:29.322481+00:00,800668886,Railtel Fibre,136.232.74.101,Ping,UP,100.0,152,1749051282,5
2025-06-07T19:47:54.149227+00:00,800668854,BSNL Fibre,117.199.72.1,Ping,UP,100.0,151,1749051072,5
2025-06-07T19:47:54.149227+00:00,800670173,Marison Enterprise,103.168.75.29,Ping,UP,100.0,138,1749060981,5
2025-06-07T19:47:54.149227+00:00,800668886,Railtel Fibre,136.232.74.101,Ping,UP,100.0,141,1749051282,5
2025-06-07T20:12:47.686396+00:00,800668854,BSNL Fibre,117.199.72.1,Ping,UP,100.0,147,1749051072,5
2025-06-07T20:12:47.686396+00:00,800670173,Marison Enterprise,103.168.75.29,Ping,UP,100.0,130,1749060981,5
2025-06-07T20:12:47.686396+00:00,800668886,Railtel Fibre,136.232.74.101,Ping,UP,100.0,142,1749051282,5
2025-06-07T20:30:55.244964+00:00,800668854,BSNL Fibre,117.199.72.1,Ping,UP,100.0,154,1749051072,5
2025-06-07T20:30:55.244964+00:00,800670173,Marison Enterprise,103.168.75.29,Ping,UP,100.0,151,1749060981,5
2025-06-07T20:30:55.244964+00:00,800668886,Railtel Fibre,136.232.74.101,Ping,UP,100.0,136,1749051282,5
2025-06-07T20:48:18.419934+00:00,800668854,BSNL Fibre,117.199.72.1,Ping,UP,100.0,141,1749051072,5
2025-06-07T20:48:18.419934+00:00,800670173,Marison Enterprise,103.168.75.29,Ping,UP,100.0,152,1749060981,5
2025-06-07T20:48:18.419934+00:00,800668886,Railtel Fibre,136.232.74.101,Ping,UP,100.0,138,1749051282,5
2025-06-07T21:11:02.269847+00:00,800668854,BSNL Fibre,117.199.72.1,Ping,UP,100.0,142,1749051072,5
2025-06-07T21:11:02.269847+00:00,800670173,Marison Enterprise,103.168.75.29,Ping,UP,100.0,151,1749060981,5
2025-06-07T21:11:02.269847+00:00,800668886,Railtel Fibre,136.232.74.101,Ping,UP,100.0,142,1749051282,5
2025-06-07T21:27:32.500302+00:00,800668854,BSNL Fibre,117.199.72.1,Ping,UP,100.0,157,1749051072,5
2025-06-07T21:27:32.500302+00:00,800670173,Marison Enterprise,103.168.75.29,Ping,UP,100.0,129,1749060981,5
2025-06-07T21:27:32.500302+00:00,800668886,Railtel Fibre,136.232.74.101,Ping,UP,100.0,142,1749051282,5
2025-06-07T21:37:28.062361+00:00,800668854,BSNL Fibre,117.199.72.1,Ping,UP,100.0,157,1749051072,5
2025-06-07T21:37:28.062361+00:00,800670173,Marison Enterprise,103.168.75.29,Ping,UP,100.0,129,1749060981,5
2025-06-07T21:37:28.062361+00:00,800668886,Railtel Fibre,136.232.74.101,Ping,UP,100.0,149,1749051282,5
2025-06-07T21:47:41.689978+00:00,800668854,BSNL Fibre,117.199.72.1,Ping,UP,100.0,149,1749051072,5
2025-06-07T21:47:41.689978+00:00,800670173,Marison Enterprise,103.168.75.29,Ping,UP,100.0,131,1749060981,5
2025-06-07T21:47:41.689978+00:00,800668886,Railtel Fibre,136.232.74.101,Ping,UP,100.0,151,1749051282,5
